{
    "name": "root",
    "gauges": {
        "PlayerAgentBehavior.Policy.Entropy.mean": {
            "value": 1.4503459930419922,
            "min": 1.1390950679779053,
            "max": 1.7917591333389282,
            "count": 1000
        },
        "PlayerAgentBehavior.Policy.Entropy.sum": {
            "value": 426.4017333984375,
            "min": 274.8936462402344,
            "max": 1657.377197265625,
            "count": 1000
        },
        "PlayerAgentBehavior.Step.mean": {
            "value": 499995.0,
            "min": 448.0,
            "max": 499995.0,
            "count": 1000
        },
        "PlayerAgentBehavior.Step.sum": {
            "value": 499995.0,
            "min": 448.0,
            "max": 499995.0,
            "count": 1000
        },
        "PlayerAgentBehavior.Policy.ExtrinsicValueEstimate.mean": {
            "value": 0.0354204960167408,
            "min": -0.06218767166137695,
            "max": 0.08969204872846603,
            "count": 1000
        },
        "PlayerAgentBehavior.Policy.ExtrinsicValueEstimate.sum": {
            "value": 0.2833639681339264,
            "min": -0.5596890449523926,
            "max": 0.8884685635566711,
            "count": 1000
        },
        "PlayerAgentBehavior.IsTraining.mean": {
            "value": 1.0,
            "min": 1.0,
            "max": 1.0,
            "count": 1000
        },
        "PlayerAgentBehavior.IsTraining.sum": {
            "value": 1.0,
            "min": 1.0,
            "max": 1.0,
            "count": 1000
        },
        "PlayerAgentBehavior.Losses.PolicyLoss.mean": {
            "value": 0.09801998928499718,
            "min": 0.0,
            "max": 0.12756308591148505,
            "count": 471
        },
        "PlayerAgentBehavior.Losses.PolicyLoss.sum": {
            "value": 0.09801998928499718,
            "min": 0.0,
            "max": 0.12756308591148505,
            "count": 471
        },
        "PlayerAgentBehavior.Losses.ValueLoss.mean": {
            "value": 0.022620064798199262,
            "min": 0.0,
            "max": 0.0664182078326121,
            "count": 471
        },
        "PlayerAgentBehavior.Losses.ValueLoss.sum": {
            "value": 0.022620064798199262,
            "min": 0.0,
            "max": 0.0664182078326121,
            "count": 471
        },
        "PlayerAgentBehavior.Policy.LearningRate.mean": {
            "value": 5.856998047999861e-07,
            "min": 5.856998047999861e-07,
            "max": 0.0002993472002176,
            "count": 471
        },
        "PlayerAgentBehavior.Policy.LearningRate.sum": {
            "value": 5.856998047999861e-07,
            "min": 5.856998047999861e-07,
            "max": 0.0002993472002176,
            "count": 471
        },
        "PlayerAgentBehavior.Policy.Epsilon.mean": {
            "value": 0.1001952,
            "min": 0.1001952,
            "max": 0.19978240000000003,
            "count": 471
        },
        "PlayerAgentBehavior.Policy.Epsilon.sum": {
            "value": 0.1001952,
            "min": 0.1001952,
            "max": 0.19978240000000003,
            "count": 471
        },
        "PlayerAgentBehavior.Policy.Beta.mean": {
            "value": 1.9740479999999773e-05,
            "min": 1.9740479999999773e-05,
            "max": 0.00498914176,
            "count": 471
        },
        "PlayerAgentBehavior.Policy.Beta.sum": {
            "value": 1.9740479999999773e-05,
            "min": 1.9740479999999773e-05,
            "max": 0.00498914176,
            "count": 471
        },
        "PlayerAgentBehavior.Environment.EpisodeLength.mean": {
            "value": 292.5,
            "min": 77.5,
            "max": 1519.0,
            "count": 835
        },
        "PlayerAgentBehavior.Environment.EpisodeLength.sum": {
            "value": 585.0,
            "min": 148.0,
            "max": 3817.0,
            "count": 835
        },
        "PlayerAgentBehavior.Environment.CumulativeReward.mean": {
            "value": 0.0,
            "min": -1.0,
            "max": 1.0,
            "count": 834
        },
        "PlayerAgentBehavior.Environment.CumulativeReward.sum": {
            "value": 0.0,
            "min": -2.0,
            "max": 2.0,
            "count": 834
        },
        "PlayerAgentBehavior.Policy.ExtrinsicReward.mean": {
            "value": 0.0,
            "min": -1.0,
            "max": 1.0,
            "count": 834
        },
        "PlayerAgentBehavior.Policy.ExtrinsicReward.sum": {
            "value": 0.0,
            "min": -2.0,
            "max": 2.0,
            "count": 834
        }
    },
    "metadata": {
        "timer_format_version": "0.1.0",
        "start_time_seconds": "1733011872",
        "python_version": "3.10.10 (tags/v3.10.10:aad5f6a, Feb  7 2023, 17:20:36) [MSC v.1929 64 bit (AMD64)]",
        "command_line_arguments": "C:\\Users\\bcb24\\AppData\\Local\\Programs\\Python\\Python310\\Scripts\\mlagents-learn PlayerAgentBehavior.yaml --run-id=ProperRewards --env=../../../../Training/GobStop2D.exe --quality-level=0 --width=512 --height=512 --no-graphics --num-envs=10",
        "mlagents_version": "1.1.0",
        "mlagents_envs_version": "1.1.0",
        "communication_protocol_version": "1.5.0",
        "pytorch_version": "2.5.1+cpu",
        "numpy_version": "1.23.5",
        "end_time_seconds": "1733012569"
    },
    "total": 697.492368199979,
    "count": 1,
    "self": 4.214163199882023,
    "children": {
        "run_training.setup": {
            "total": 1.1883200000738725,
            "count": 1,
            "self": 1.1883200000738725
        },
        "TrainerController.start_learning": {
            "total": 692.0898850000231,
            "count": 1,
            "self": 1.4720995042007416,
            "children": {
                "TrainerController._reset_env": {
                    "total": 7.792932600015774,
                    "count": 1,
                    "self": 7.792932600015774
                },
                "TrainerController.advance": {
                    "total": 682.7799528958276,
                    "count": 63509,
                    "self": 0.7185834972187877,
                    "children": {
                        "env_step": {
                            "total": 518.4409276990918,
                            "count": 63509,
                            "self": 91.0594867435284,
                            "children": {
                                "SubprocessEnvManager._take_step": {
                                    "total": 425.77219145325944,
                                    "count": 501989,
                                    "self": 14.421627414296381,
                                    "children": {
                                        "TorchPolicy.evaluate": {
                                            "total": 411.35056403896306,
                                            "count": 500231,
                                            "self": 411.35056403896306
                                        }
                                    }
                                },
                                "workers": {
                                    "total": 1.60924950230401,
                                    "count": 63509,
                                    "self": 0.0,
                                    "children": {
                                        "worker_root": {
                                            "total": 6843.921861368697,
                                            "count": 501987,
                                            "is_parallel": true,
                                            "self": 6096.494557282189,
                                            "children": {
                                                "steps_from_proto": {
                                                    "total": 0.004818300134502351,
                                                    "count": 10,