{"count":1,"self":3.7553424,"total":22.311280099999998,"children":{"InitializeActuators":{"count":20,"self":0.0010031999999999999,"total":0.0010031999999999999,"children":null},"InitializeSensors":{"count":20,"self":0.0010035999999999999,"total":0.0010035999999999999,"children":null},"AgentSendState":{"count":3184,"self":2.6263536,"total":4.0962939999999994,"children":{"CollectObservations":{"count":12710,"self":0.012444499999999999,"total":0.012444499999999999,"children":null},"WriteActionMask":{"count":12710,"self":0.0064510999999999995,"total":0.0064510999999999995,"children":null},"RequestDecision":{"count":12710,"self":0.0331054,"total":1.4510448999999999,"children":{"AgentInfo.ToProto":{"count":12710,"self":0.0180505,"total":1.4179395,"children":{"GenerateSensorData":{"count":12710,"self":1.2917197999999999,"total":1.399889,"children":{"RayPerceptionSensor.Perceive":{"count":12710,"self":0.1081692,"total":0.1081692,"children":null}}}}}}}}},"DecideAction":{"count":3184,"self":12.7838776,"total":12.7838777,"children":null},"AgentAct":{"count":3184,"self":1.6682481,"total":1.6682481,"children":null},"AgentInfo.ToProto":{"count":24,"self":0,"total":0.0045071,"children":{"GenerateSensorData":{"count":24,"self":0.0035088,"total":0.0045071,"children":{"RayPerceptionSensor.Perceive":{"count":24,"self":0.0009983,"total":0.0009983,"children":null}}}}}},"gauges":{"PlayerAgentBehavior.CumulativeReward":{"count":8,"max":-1678,"min":-1865,"runningAverage":-1746.125,"value":-1811,"weightedAverage":-1752.27319}},"metadata":{"timer_format_version":"0.1.0","start_time_seconds":"1733008944","unity_version":"2022.3.8f1","command_line_arguments":"C:\\Program Files\\Unity\\Hub\\Editor\\2022.3.8f1\\Editor\\Unity.exe -projectpath C:\\SchoolWork\\AIGobStop\\GobStop2D -useHub -hubIPC -cloudEnvironment production -licensingIpc LicenseClient-bcb24 -hubSessionId aa5b5e2f-1656-41ba-b6f8-43f490e2373a -accessToken JDQlaiY4kGsP2Mrzozut4QQBrf58jq4IFieTTPR0T1A002f","communication_protocol_version":"1.5.0","com.unity.ml-agents_version":"2.0.1","scene_name":"Level 1","end_time_seconds":"1733008966"}}